{
    "value0": {
        "T_imu_cam": [
            {
                "px": 0,
                "py": 0,
                "pz": 0,
                "qx": 0.0,
                "qy": 0.0,
                "qz": -0.7071067811865475,
                "qw": 0.7071067811865477
            },
            {
                "px": 1.198457264003916e-05,
                "py": -0.05293238643109162,
                "pz": -0.0015974779767641625,
                "qx": -0.007028036457642771,
                "qy": -0.006407449430365485,
                "qz": -0.7070637756185066,
                "qw": 0.7070858282439618
            }
        ],
        "intrinsics": [
            {
                "camera_type": "pinhole",
                "intrinsics": {
                    "fx": 441.50854816517403,
                    "fy": 441.0470462522935,
                    "cx": 315.5962289188928,
                    "cy": 231.0069832233495
                }
            },
            {
                "camera_type": "pinhole",
                "intrinsics": {
                    "fx": 441.7602487985297,
                    "fy": 441.50644883952475,
                    "cx": 306.99212526755986,
                    "cy": 231.33143862271842
                }
            }
        ],
        "resolution": [
            [
                640,
                480
            ],
            [
                640,
                480
            ]
        ],
        "vignette": [],
        "calib_accel_bias": [
            0.0,
            0.0,
            0.0,
            0.0,
            0.0,
            0.0,
            0.0,
            0.0,
            0.0
        ],
        "calib_gyro_bias": [
            0.0,
            0.0,
            0.0,
            0.0,
            0.0,
            0.0,
            0.0,
            0.0,
            0.0,
            0.0,
            0.0,
            0.0
        ],
        "imu_update_rate": 200.0,
        "accel_noise_std": [0.016, 0.016, 0.016],
        "gyro_noise_std": [0.000282, 0.000282, 0.000282],
        "accel_bias_std": [0.001, 0.001, 0.001],
        "gyro_bias_std": [0.0001, 0.0001, 0.0001],
        "cam_time_offset_ns": 0
    }
}
