{
    "value0": {
        "T_imu_cam": [
            {
                "px": 0,
                "py": 0,
                "pz": 0,
                "qx": 0.5,
                "qy": -0.5,
                "qz": 0.5,
                "qw": -0.5
            },
            {
                "px": -0.000349804547712447,
                "py": -0.04588629154731175,
                "pz": -3.958038438649919e-05,
                "qx": 0.5016147346846994,
                "qy": -0.4985211709262624,
                "qz": 0.49849582935405273,
                "qw": -0.5013593603415839
            }
        ],
        "intrinsics": [
            {
                "camera_type": "pinhole",
                "intrinsics": {
                    "fx": 388.9639454325522,
                    "fy": 388.84654292569866,
                    "cx": 314.74333356073606,
                    "cy": 237.6921992171865
                }
            },
            {
                "camera_type": "pinhole",
                "intrinsics": {
                    "fx": 388.31415504592775,
                    "fy": 388.3946902489607,
                    "cx": 312.49551906707933,
                    "cy": 237.7508754640201
                }
            }
        ],
        "resolution": [
            [
                640,
                480
            ],
            [
                640,
                480
            ]
        ],
        "vignette": [],
        "calib_accel_bias": [
            0.0,
            0.0,
            0.0,
            0.0,
            0.0,
            0.0,
            0.0,
            0.0,
            0.0
        ],
        "calib_gyro_bias": [
            0.0,
            0.0,
            0.0,
            0.0,
            0.0,
            0.0,
            0.0,
            0.0,
            0.0,
            0.0,
            0.0,
            0.0
        ],
        "imu_update_rate": 200.0,
        "accel_noise_std": [0.016, 0.016, 0.016],
        "gyro_noise_std": [0.000282, 0.000282, 0.000282],
        "accel_bias_std": [0.001, 0.001, 0.001],
        "gyro_bias_std": [0.0001, 0.0001, 0.0001],
        "cam_time_offset_ns": 0
    }
}
