{
    "value0": {
        "T_imu_cam": [
            {
                "px": -0.0003694273200713846,
                "py": 5.179834147230015e-05,
                "pz": -0.00014735331406844364,
                "qx": 0.5684837027207466,
                "qy": -0.4950684601401808,
                "qz": 0.47375695138643725,
                "qw": -0.45528875510863315
            },
            {
                "px": 0.0012731885030678528,
                "py": -0.052655961028917675,
                "pz": 0.0047089341792006315,
                "qx": 0.5731509074309323,
                "qy": -0.49093743943386675,
                "qz": 0.4681104004387539,
                "qw": -0.4597293996192617
            }
        ],
        "intrinsics": [
            {
                "camera_type": "pinhole",
                "intrinsics": {
                    "fx": 441.50854816517403,
                    "fy": 441.0470462522935,
                    "cx": 315.5962289188928,
                    "cy": 231.0069832233495
                }
            },
            {
                "camera_type": "pinhole",
                "intrinsics": {
                    "fx": 441.7602487985297,
                    "fy": 441.50644883952475,
                    "cx": 306.99212526755986,
                    "cy": 231.33143862271842
                }
            }
        ],
        "resolution": [
            [
                640,
                480
            ],
            [
                640,
                480
            ]
        ],
        "vignette": [],
        "calib_accel_bias": [
            0.0,
            0.0,
            0.0,
            0.0,
            0.0,
            0.0,
            0.0,
            0.0,
            0.0
        ],
        "calib_gyro_bias": [
            0.0,
            0.0,
            0.0,
            0.0,
            0.0,
            0.0,
            0.0,
            0.0,
            0.0,
            0.0,
            0.0,
            0.0
        ],
        "imu_update_rate": 200.0,
        "accel_noise_std": [0.016, 0.016, 0.016],
        "gyro_noise_std": [0.000282, 0.000282, 0.000282],
        "accel_bias_std": [0.001, 0.001, 0.001],
        "gyro_bias_std": [0.0001, 0.0001, 0.0001],
        "cam_time_offset_ns": 0
    }
}
