{
    "value0": {
        "T_imu_cam": [
            {
                "px": 0,
                "py": 0,
                "pz": 0,
                "qx": 0.0,
                "qy": 0.0,
                "qz": 0.0,
                "qw": 1.0
            },
            {
                "px": 0.05293238643109162,
                "py": 1.198457264002923e-05,
                "pz": -0.0015974779767641625,
                "qx": -0.0004388212953041713,
                "qy": -0.009500323179946805,
                "qz": 1.5593561002252714e-05,
                "qw": 0.9999547745034213
            }
        ],
        "intrinsics": [
            {
                "camera_type": "pinhole",
                "intrinsics": {
                    "fx": 441.50854816517403,
                    "fy": 441.0470462522935,
                    "cx": 315.5962289188928,
                    "cy": 231.0069832233495
                }
            },
            {
                "camera_type": "pinhole",
                "intrinsics": {
                    "fx": 441.7602487985297,
                    "fy": 441.50644883952475,
                    "cx": 306.99212526755986,
                    "cy": 231.33143862271842
                }
            }
        ],
        "resolution": [
            [
                640,
                480
            ],
            [
                640,
                480
            ]
        ],
        "vignette": [],
        "calib_accel_bias": [
            0.0,
            0.0,
            0.0,
            0.0,
            0.0,
            0.0,
            0.0,
            0.0,
            0.0
        ],
        "calib_gyro_bias": [
            0.0,
            0.0,
            0.0,
            0.0,
            0.0,
            0.0,
            0.0,
            0.0,
            0.0,
            0.0,
            0.0,
            0.0
        ],
        "imu_update_rate": 200.0,
        "accel_noise_std": [0.016, 0.016, 0.016],
        "gyro_noise_std": [0.000282, 0.000282, 0.000282],
        "accel_bias_std": [0.001, 0.001, 0.001],
        "gyro_bias_std": [0.0001, 0.0001, 0.0001],
        "cam_time_offset_ns": -0.00013584289175579622
    }
}
